"Read Details","قراءة التفاصيل",module,Magento_AdminNotification
"Mark as Read","تعيين كمقروء",module,Magento_AdminNotification
"Are you sure?","هل أنت متأكد؟",module,Magento_AdminNotification
Remove,ازالة,module,Magento_AdminNotification
"Messages Inbox","رسائل علبة الوارد",module,Magento_AdminNotification
"You have %1 new system messages","لديك %1 من رسائل النظام الجديدة",module,Magento_AdminNotification
"You have %1 new system message","لديك %1 رسالة نظام جديدة",module,Magento_AdminNotification
"Incoming Message","رسالة واردة",module,Magento_AdminNotification
close,إغلاق,module,Magento_AdminNotification
Notifications,اشعارات,module,Magento_AdminNotification
"The message has been marked as Read.","تم وضع علامة مقروءة على الرسالة.",module,Magento_AdminNotification
"We couldn't mark the notification as Read because of an error.","بسبب خطأ ما لم يتم وضع علامة قراءة الاشعار.",module,Magento_AdminNotification
"Please select messages.","الرجاء تحديد الرسائل.",module,Magento_AdminNotification
"A total of %1 record(s) have been marked as Read.","لقد تم وضع علامة مقروء على %1 من المحفوظات.",module,Magento_AdminNotification
"Total of %1 record(s) have been removed.","لقد تم ازالة 1% من المحفوظات.",module,Magento_AdminNotification
"We couldn't remove the messages because of an error.","لم يتم ازالة الرسائل بسبب حدوث خطأ.",module,Magento_AdminNotification
"The message has been removed.","تم حذف الرسالة.",module,Magento_AdminNotification
"1 Hour","ساعة واحدة",module,Magento_AdminNotification
"2 Hours",ساعتان,module,Magento_AdminNotification
"6 Hours","6 ساعات",module,Magento_AdminNotification
"12 Hours","12 ساعة",module,Magento_AdminNotification
"24 Hours","24 ساعة",module,Magento_AdminNotification
critical,حرج,module,Magento_AdminNotification
major,مهم,module,Magento_AdminNotification
minor,ثانوي,module,Magento_AdminNotification
notice,إشعار,module,Magento_AdminNotification
"Wrong message type","نوع رسالة خاطئ",module,Magento_AdminNotification
"Please go to <a href=""%1"">Cache Management</a> and refresh cache types.","الرجاء الانتقال إلى <a href=""%1""> إدارة ذاكرة التخزين المؤقت</a> واعدة تنشيطها.",module,Magento_AdminNotification
"Synchronization of media storages has been completed.","اكتملت مواففة وسائط التخزين.",module,Magento_AdminNotification
"Close popup","أغلق النافذة المنبثقة",module,Magento_AdminNotification
Close,غلق,module,Magento_AdminNotification
"Critical System Messages","رسائل النظام خطيرة",module,Magento_AdminNotification
"Major System Messages","رسائل النظام مهمة",module,Magento_AdminNotification
"System messages","رسائل النظام",module,Magento_AdminNotification
"You created the order.","قمت بإنشاء الطلب.",module,Magento_Authorizenet
"Order saving error: %1","أمر حفظ الخطأ: %1",module,Magento_Authorizenet
"Please choose a payment method.","الرجاء اختيار طريقة الدفع.",module,Magento_Authorizenet
"Credit Card: xxxx-%1","كارت ائتماني: xxxx-%1",module,Magento_Authorizenet
"amount %1","%1 كمية",module,Magento_Authorizenet
authorize,التصريح,module,Magento_Authorizenet
"authorize and capture","التحقق و القبض",module,Magento_Authorizenet
capture,التقاط,module,Magento_Authorizenet
refund,"اعادة المبلغ المدفوع",module,Magento_Authorizenet
void,الفراغ,module,Magento_Authorizenet
"Gateway error: %1","خطأ في البوابة: %1",module,Magento_Authorizenet
"Something went wrong in the payment gateway.","حدث خطأ في بوابة الدفع.",module,Magento_Authorizenet
"Invalid amount for capture.","المبلغ غير صالح للقبض.",module,Magento_Authorizenet
"Payment capturing error.","خطأ في قبض الدفعة.",module,Magento_Authorizenet
"Invalid transaction ID.","رمز تعريف عملية الدفع غير موجود.",module,Magento_Authorizenet
"Payment voiding error.","خطأ في الغاء الدفعة.",module,Magento_Authorizenet
"Invalid amount for refund.","المبلغ غير قابل لاسترداده.",module,Magento_Authorizenet
"Payment refunding error.","خطأ في استرداد المبلغ.",module,Magento_Authorizenet
"The transaction was declined because the response hash validation failed.","تم رفض عملية الدفع نظراً لفشل التحقق من تجزئة الاستجابة.",module,Magento_Authorizenet
"There was a payment authorization error.","خطأ في إذن الدفع.",module,Magento_Authorizenet
"Authorize Only","المصرح فقط",module,Magento_Authorizenet
"Authorize and Capture","التحقق و القبض",module,Magento_Authorizenet
"Credit Card Type","نوع بطاقة الائتمان",module,Magento_Authorizenet
"Credit Card Number","رقم بطاقة الائتمان",module,Magento_Authorizenet
"Expiration Date","تاريخ الانتهاء",module,Magento_Authorizenet
"Card Verification Number","رقم التحقق من البطاقة",module,Magento_Authorizenet
"Invalid Form Key. Please refresh the page.","مفتاح النموذج غير صالح. الرجاء اعادة تنشيط الصفحة.",module,Magento_Backend
"You entered an invalid Secret Key. Please refresh the page.","قمت بإدخال ""مفتاح سر"" غيرصالح. الرجاء تحديث الصفحة.",module,Magento_Backend
"Cache Storage Management","إدارة التخزين المؤقت",module,Magento_Backend
"Flush Magento Cache","مسح ذاكرة التخزين المؤقت لماجنتو",module,Magento_Backend
"Flush Cache Storage","مسح ذاكرة التخزين المؤقت",module,Magento_Backend
Invalidated,"إلغاء الصلاحية",module,Magento_Backend
Orders,"طلبات الشراء",module,Magento_Backend
Amounts,المبالغ,module,Magento_Backend
Bestsellers,"الأكثر مبيعاً",module,Magento_Backend
"Most Viewed Products","المنتجات الأكثر مشاهدة",module,Magento_Backend
"New Customers","عضو جديد",module,Magento_Backend
Customers,العملاء,module,Magento_Backend
Customer,العميل,module,Magento_Backend
Guest,زائر,module,Magento_Backend
Items,المنتجات,module,Magento_Backend
Total,الإجمالي,module,Magento_Backend
"Lifetime Sales","مبيعات مدى الحياة",module,Magento_Backend
"Average Order","متوسط الطلبات",module,Magento_Backend
Average,المتوسط,module,Magento_Backend
Product,المنتج,module,Magento_Backend
Price,السعر,module,Magento_Backend
Quantity,الكمية,module,Magento_Backend
Views,"عدد المشاهدات",module,Magento_Backend
Revenue,الإيرادات,module,Magento_Backend
Tax,الضريبة,module,Magento_Backend
Shipping,الشحن,module,Magento_Backend
"Images (.gif, .jpg, .png)","الصور (.gif,.jpg,.png)",module,Magento_Backend
"Media (.avi, .flv, .swf)","الوسائط (.avi, .flv, .swf)",module,Magento_Backend
"All Files","كل الملفات",module,Magento_Backend
"Reset to Default","إعادة ضبط للإعدادات الإفتراضية",module,Magento_Backend
"All Store Views","واجهه جميع المواقع",module,Magento_Backend
"What is this?","ما هذا؟",module,Magento_Backend
"Save Account","حفظ الحساب",module,Magento_Backend
"My Account",حسابي,module,Magento_Backend
"Account Information","معلومات الحساب",module,Magento_Backend
"User Name","اسم المستخدم",module,Magento_Backend
"First Name","الإسم الأول",module,Magento_Backend
"Last Name","اسم العائلة",module,Magento_Backend
Email,"البريد الإلكتروني",module,Magento_Backend
"User Email","البريد الإلكتروني للمستخدم",module,Magento_Backend
"New Password","كلمة المرور الجديدة",module,Magento_Backend
"Password Confirmation","تأكيد كلمة المرور",module,Magento_Backend
"Interface Locale","لغة الواجهة",module,Magento_Backend
"Current User Identity Verification","التحقق من هوية المستخدم الحالية",module,Magento_Backend
"Your Password","كلمة المرور الخاصة بك",module,Magento_Backend
"Save Cache Settings","حفظ إعدادات الذاكرة المؤقتة",module,Magento_Backend
"Catalog Rewrites","Rewrites دليل المنتجات",module,Magento_Backend
Refresh,التحديث,module,Magento_Backend
"Images Cache","ذاكرة التخزين المؤقت للصور",module,Magento_Backend
Clear,مسح,module,Magento_Backend
"Search Index","فهرس البحث",module,Magento_Backend
Rebuild,"إعادة بناء",module,Magento_Backend
"Inventory Stock Status","حالة جرد المخزون",module,Magento_Backend
"Rebuild Catalog Index","إعادة إنشاء فهرس دليل المنتجات",module,Magento_Backend
"Rebuild Flat Catalog Category","إعادة إنشاء flat category لدليل المنتجات",module,Magento_Backend
"Rebuild Flat Catalog Product","إعادة بناء  Flat Catalog Product",module,Magento_Backend
"Cache Control","التحكم في التخزين المؤقت",module,Magento_Backend
"All Cache","ذاكرة التخزين المؤقت",module,Magento_Backend
"No change","لا يوجد تغيير",module,Magento_Backend
Disable,إبطال,module,Magento_Backend
Enable,تفعيل,module,Magento_Backend
"Add Design Change","إضافة تغيير التصميم",module,Magento_Backend
Back,رجوع,module,Magento_Backend
Delete,احذف,module,Magento_Backend
"Are you sure?","هل أنت متأكد؟",module,Magento_Backend
Save,حفظ,module,Magento_Backend
"Edit Design Change","تعديل تغيير التصميم",module,Magento_Backend
"New Store Design Change","تغيير تصميم المتجر الجديد",module,Magento_Backend
"General Settings","إعدادات عامة",module,Magento_Backend
Store,متجر,module,Magento_Backend
"-- Please Select --","--الرجاء الاختيار-",module,Magento_Backend
"Custom Design","تصميم مخصص",module,Magento_Backend
"Date From","التاريخ من",module,Magento_Backend
"Date To","التاريخ إلى",module,Magento_Backend
"Design Change","تغيير التصميم",module,Magento_Backend
General,عام,module,Magento_Backend
Cancel,إلغاء,module,Magento_Backend
"Delete %1 '%2'","حذف %1 '%2'",module,Magento_Backend
"Delete %1","حذف %1",module,Magento_Backend
"Block Information","اغلاق المعلومات",module,Magento_Backend
"Backup Options","خيارات النسخ الاحتياطي",module,Magento_Backend
"Create DB Backup","إنشاء نسخة احتياطية لقاعدة البيانات",module,Magento_Backend
Yes,نعم,module,Magento_Backend
No,لا,module,Magento_Backend
"Delete Store","حذف متجر",module,Magento_Backend
"Delete Web Site","حذف موقع الويب",module,Magento_Backend
"Save Web Site","حفظ موقع الويب",module,Magento_Backend
"Save Store","حفظ المتجر",module,Magento_Backend
"Save Store View","حفظ عرض المتجر",module,Magento_Backend
"Delete Store View","حذف عرض متجر",module,Magento_Backend
"Edit Web Site","تحرير موقع الويب",module,Magento_Backend
"New Web Site","موقع ويب جديد",module,Magento_Backend
"Edit Store","تحرير متجر",module,Magento_Backend
"New Store","متجر جديد",module,Magento_Backend
"Edit Store View","تحرير عرض المتجر",module,Magento_Backend
"New Store View","عرض متجر جديد",module,Magento_Backend
"Store Information","بيانات المتجر",module,Magento_Backend
"Web Site",موقع,module,Magento_Backend
Name,اسم,module,Magento_Backend
"Root Category","التصنيف الجذر",module,Magento_Backend
"Default Store View","عرض المتجر الافتراضي",module,Magento_Backend
"Store View Information","بيانات عرض المتجر",module,Magento_Backend
Code,كود,module,Magento_Backend
Status,الحاله,module,Magento_Backend
Disabled,"غير مفعل",module,Magento_Backend
Enabled,تفعيل,module,Magento_Backend
"Sort Order",الترتيب,module,Magento_Backend
"Web Site Information","بيانات الموقع",module,Magento_Backend
"Default Store","المتجر الافتراضي",module,Magento_Backend
"Set as Default","تعيين كافتراضي",module,Magento_Backend
Stores,المتاجر,module,Magento_Backend
"Create Website","إنشاء موقع",module,Magento_Backend
"Create Store","إنشاء متجر",module,Magento_Backend
"Create Store View","إنشاء عرض متجر",module,Magento_Backend
Home,"الصفحة الرئيسية",module,Magento_Backend
Reset,"اعادة ضبط",module,Magento_Backend
"Are you sure you want to do this?","هل أنت متأكد أنك تريد فعل ذلك؟",module,Magento_Backend
"Add New Image","اضف صورة جديدة",module,Magento_Backend
"Reset Filter","ترشيح اعادة تعين",module,Magento_Backend
Search,بحث,module,Magento_Backend
Any,اي,module,Magento_Backend
"All Countries","جميع الدول",module,Magento_Backend
From,من,module,Magento_Backend
To,إلى,module,Magento_Backend
"Date selector","اختيار التاريخ",module,Magento_Backend
"[ deleted ]",[محذوف],module,Magento_Backend
"Select All","اختيار الكل",module,Magento_Backend
"Add New","إضافة جديد",module,Magento_Backend
Export,استخراج,module,Magento_Backend
"Please correct the column format and try again.","الرجاء تصحيح تنسيق العمود وحاول مرة أخرى.",module,Magento_Backend
"Please select items.","يرجى تحديد الأصناف.",module,Magento_Backend
Submit,إرسال,module,Magento_Backend
"Please correct the tab configuration and try again.","الرجاء تصحيح ضبط التبويب ثم حاول مرة أخرى.",module,Magento_Backend
"You have logged out.","لقد سجلت خروجك.",module,Magento_Backend
"The image cache was cleaned.","تم مسح ذاكرة تخزين الصور.",module,Magento_Backend
"An error occurred while clearing the image cache.","حدث خطأ أثناء مسح ذاكرة تخزين الصور.",module,Magento_Backend
"The JavaScript/CSS cache has been cleaned.","تم تنظيف ذاكرة تخزين JavaScript/CSS",module,Magento_Backend
"An error occurred while clearing the JavaScript/CSS cache.","حدث خطأ أثناء مسح ذاكرة التخزين الخاصة ب JavaScript/CSS",module,Magento_Backend
"You flushed the cache storage.","لقد تم مسح محتويات ذاكرة التخزين المؤقت.",module,Magento_Backend
"The Magento cache storage has been flushed.","تم مسح محتويات ذاكرة التخزين المؤقت الخاصة بماجنتو.",module,Magento_Backend
"Cache Management","إدارة ذاكرة التخزين المؤقت",module,Magento_Backend
"%1 cache type(s) disabled.","%1 نوع ذاكرة التخزين المؤقت معطل.",module,Magento_Backend
"An error occurred while disabling cache.","حدث خطأ أثناء تفعيل ذاكرة التخزين المؤقت.",module,Magento_Backend
"%1 cache type(s) enabled.","%1 من انواع ذاكرة التخزين المؤقتة مفعلة",module,Magento_Backend
"An error occurred while enabling cache.","حدث خطأ أثناء تفعيل ذاكرة التخزين المؤقت.",module,Magento_Backend
"%1 cache type(s) refreshed.","لقد نم تفعيل انواع ذاكرة التخزين المؤقت %1",module,Magento_Backend
"An error occurred while refreshing cache.","حدث خطأ أثناء تحديث ذاكرة التخزين المؤقت.",module,Magento_Backend
Dashboard,"لوحة التحكم",module,Magento_Backend
"invalid request","طلب غير صالح",module,Magento_Backend
"see error log for details","راجع سجل الأخطاء للحصول على التفاصيل",module,Magento_Backend
"Service unavailable: %1","الخدمة غير متاحة: %1",module,Magento_Backend
Error,خطأ,module,Magento_Backend
"You need more permissions to do this.","تحتاج لصلاحية اكبر للقيام بذلك",module,Magento_Backend
"No search modules were registered","لم يتم تسجيل أية وحدات بحث",module,Magento_Backend
"Please make sure that all global admin search modules are installed and activated.","يرجى التأكد من ان جميع وحدات البحث العالمية الادارة مثبته ومفعله.",module,Magento_Backend
"You saved the account.","قمت بحفظ الحساب.",module,Magento_Backend
"An error occurred while saving account.","حدث خطأ أثناء حفظ حساب.",module,Magento_Backend
"You deleted the design change.","قمت بحذف تغيير التصميم.",module,Magento_Backend
"Store Design","تصميم المتجر",module,Magento_Backend
"Edit Store Design Change","تحرير تغيير تصميم المتجر",module,Magento_Backend
"You saved the design change.","قمت بحفظ تغيير التصميم.",module,Magento_Backend
System,النظام,module,Magento_Backend
"Manage Stores","إدارة المتاجر",module,Magento_Backend
"The database was backed up.","تم اعداد نسخ احتياطي لقاعدة البيانات.",module,Magento_Backend
"Deleting a %1 will not delete the information associated with the %1 (e.g. categories, products, etc.), but the %1 will not be able to be restored. It is suggested that you create a database backup before deleting the %1.","حذف %1 لن يحذف المعلوات المرتبطة بـ %1 (مثل التصنيف، المنتجات، الخ)، لكن لن يمكن استعادة %1. يقترح إنشاء نسخة إحتياطية من قواعد البيانات قبل حذف %1.",module,Magento_Backend
"This store cannot be deleted.","لا يمكن حذف هذا المتجر.",module,Magento_Backend
"Unable to delete store. Please, try again later.","غير قادر على حذف المتجر. من فضلك، حاول مرة أخرى لاحقاً.",module,Magento_Backend
"This store view cannot be deleted.","لا يمكن حذف عرض المتجر هذا.",module,Magento_Backend
"Store View","عرض المتجر",module,Magento_Backend
"Unable to delete store view. Please, try again later.","غير قادر على حذف واجهة متجر. من فضلك، حاول مرة أخرى لاحقاً.",module,Magento_Backend
"This website cannot be deleted.","لا يمكن حذف هذا الموقع.",module,Magento_Backend
"Unable to delete website. Please, try again later.","غير قادر على حذف الموقع. من فضلك، حاول مرة أخرى لاحقاً.",module,Magento_Backend
"The website does not exist.","الموقع غير موجود.",module,Magento_Backend
"The store does not exist","المتجر غير موجود",module,Magento_Backend
"Store view doesn't exist","عرض المتجر غير موجود",module,Magento_Backend
"Last 24 Hours","ال 24 ساعة الماضية",module,Magento_Backend
"Last 7 Days","آخر 7 أيام",module,Magento_Backend
"Current Month","الشهر الحالي",module,Magento_Backend
YTD,"منذ سنة",module,Magento_Backend
2YTD,"منذ سنتين",module,Magento_Backend
"You did not sign in correctly or your account is temporarily disabled.","لم تقم بتسجيل الدخول بشكل صحيح أو أن حسابك معطل مؤقتاً.",module,Magento_Backend
"Authentication error occurred.","حدث خطأ مصادقة.",module,Magento_Backend
Order,طلب,module,Magento_Backend
"Order #%1","رقم الطلب #%1",module,Magento_Backend
"Access denied","إمكانية الوصول غير متاحة",module,Magento_Backend
"If you continue to receive this message, please contact the store owner.","إذا استمر ظهور هذه الرسالة، الرجاء الاتصال بمالك المتجر.",module,Magento_Backend
"Welcome, please sign in","مرحبا، الرجاء تسجيل الدخول",module,Magento_Backend
"user name","اسم المستخدم",module,Magento_Backend
password,"كلمة المرو",module,Magento_Backend
"Sign in",دخول,module,Magento_Backend
"Select Range:","حدد نطاق:",module,Magento_Backend
"No Data Found","لم يتم العثور على بيانات",module,Magento_Backend
"Chart is disabled. To enable the chart, click <a href=""%1"">here</a>.","تم تعطيل المخطط. لتمكين المخطط، انقر <a href=""%1""> هنا</a>.",module,Magento_Backend
"Last Orders","آخر الطلبات",module,Magento_Backend
"Last Search Terms","كلمات البحث الأخيرة",module,Magento_Backend
"Top Search Terms","أعلى كلمات البحث",module,Magento_Backend
"There are no search keywords.","لا يوجد كلمات بحث.",module,Magento_Backend
"View Statistics For:","عرض إحصائيات عن:",module,Magento_Backend
"All Websites","جميع المواقع",module,Magento_Backend
"Reload Data","إعادة تحميل البيانات",module,Magento_Backend
"Browse Files...","استعراض ملفات...",module,Magento_Backend
"Copyright&copy; %1 Magento Commerce Inc. All rights reserved.","حقوق الطبع والنشر &copy; Magento Commerce Inc %1 جميع الحقوق محفوظة.",module,Magento_Backend
"Magento Admin Panel","لوحة إدارة ماجنتو",module,Magento_Backend
"Account Setting","إعدادات الحساب",module,Magento_Backend
"Customer View","عرض العملاء",module,Magento_Backend
"Sign Out","تسجيل الخروج",module,Magento_Backend
"About the calendar","حول التقويم",module,Magento_Backend
Close,إغلاق,module,Magento_Backend
"Go Today","الذهاب اليوم",module,Magento_Backend
Previous,السابق,module,Magento_Backend
Next,التالي,module,Magento_Backend
WK,أسبوع,module,Magento_Backend
Time,الزمن,module,Magento_Backend
Hour,ساعة,module,Magento_Backend
Minute,دقيقة,module,Magento_Backend
"JavaScript may be disabled in your browser.","قد يكون جافا سكريبت معطل في المستعرض الخاص بك.",module,Magento_Backend
"To use this website you must first enable JavaScript in your browser.","لاستخدام هذا الموقع يجب عليك أولاً تمكين جافا سكريبت في المستعرض الخاص بك.",module,Magento_Backend
"This is only a demo store. You can browse and place orders, but nothing will be processed.","هذا متجر تجريبي فقط. يمكنك استعراض ووضع الأوامر، ولكن لا شيء سيتم تجهيزه.",module,Magento_Backend
"Stores Configuration","ضبط المتاجر",module,Magento_Backend
"Additional Cache Management","إدارة ذاكرة التخزين المؤقت الإضافية",module,Magento_Backend
"Flush Catalog Images Cache","مسح التخزين المؤقت للصور",module,Magento_Backend
"Pregenerated product images files","ملفات صور منتجة سابقا للمنتج",module,Magento_Backend
"Flush JavaScript/CSS Cache","مسح ملفات جافا سكريبت/الثيم من ذاكرة التخزين المؤقت",module,Magento_Backend
"Themes JavaScript and CSS files combined to one file.","ملفات CSS وجافا سكريبت للثيم مجتمعة في ملف واحد.",module,Magento_Backend
"Flush Static Files Cache","مسح ذاكرة التخزين المؤقت للملفات الثابتة",module,Magento_Backend
"Preprocessed view files and static files","ملفات الواجهة والملفات الثابتة معالجة مسبقا",module,Magento_Backend
Catalog,"دليل المنتجات",module,Magento_Backend
JavaScript/CSS,"جافا سكريبت/المغلق",module,Magento_Backend
"JavaScript/CSS Cache","ذاكرة التخزين المؤقت للجافا سكريبت/المغلق",module,Magento_Backend
"No records found.","لم يتم العثور على تسجيلات.",module,Magento_Backend
Images,صور,module,Magento_Backend
"Big Image","صورة كبيرة",module,Magento_Backend
Thumbnail,"صورة مصغره",module,Magento_Backend
"Additional Settings","إعدادات إضافية",module,Magento_Backend
"per page","لكل صفحة",module,Magento_Backend
"Previous page","الصفحة السابقة",module,Magento_Backend
"of %1","من %1",module,Magento_Backend
"Next page","الصفحة التالية",module,Magento_Backend
"Export to:","تصدر الى:",module,Magento_Backend
Actions,اعمال,module,Magento_Backend
"Mass Actions","الإجراءات الجماعية",module,Magento_Backend
"Unselect All","غير منتقي للجميع",module,Magento_Backend
"Select Visible","اختيار الظهور",module,Magento_Backend
"Unselect Visible","غير مختار الظاهر",module,Magento_Backend
"The information in this tab has been changed.","لقد تم تغيير المعلومات الموجودة في علامة التبويب هذه.",module,Magento_Backend
Loading...,"جاري التحميل...",module,Magento_Backend
"System Backup","نظام النسخ الاحتياطي",module,Magento_Backup
"Database and Media Backup","النسخ الاحتياطي لقاعدة البيانات و الوسائط",module,Magento_Backup
"Database Backup","النسخ الاحتياطي لقاعدة البيانات",module,Magento_Backup
"The archive can be uncompressed with <a href=""%1"">%2</a> on Windows systems.","يمكن أن يكون الأرشيف غير مضغوط مع <a href=""%1"">%2</a> على أنظمة وندوز.",module,Magento_Backup
"You need more permissions to activate maintenance mode right now.","تحتاج مزيد من الصلاحيات لتنشيط وضع الصيانة الآن.",module,Magento_Backup
"You need more free space to create a backup.","كنت بحاجة إلى مزيد من المساحة الحرة لإنشاء نسخة احتياطية.",module,Magento_Backup
"You need more permissions to create a backup.","انت بحاجة إلى مزيد من الأذونات لإنشاء نسخة احتياطية.",module,Magento_Backup
Backups,الاحتياطات,module,Magento_Backup
System,النظام,module,Magento_Backup
Tools,ادوات,module,Magento_Backup
Backup,"نسخة احتياطية",module,Magento_Backup
failed,فشل,module,Magento_Backup
successful,"تم بنجاح",module,Magento_Backup
"Please correct the password.","الرجاء تصحيح كلمة المرور.",module,Magento_Backup
Database,"قاعدة البيانات",module,Magento_Backup
"Database and Media","قاعدة البيانات و الوسائط",module,Magento_Backup
"System (excluding Media)","النظام (باستثناء الوسائط)",module,Magento_Backup
"Please correct the order of creation for a new backup.","الرجاء تصحيح الطلب لإنشاء نسخة احتياطية جديدة.",module,Magento_Backup
"The backup file does not exist.","ملف النسخة الاحتياطية غير موجود.",module,Magento_Backup
"The backup file path was not specified.","لم يتم تحديد مسار ملف النسخ الاحتياطي.",module,Magento_Backup
"The backup file ""%1"" does not exist.","ملف النسخ الاحتياطي ""%1""غير موجود.",module,Magento_Backup
"Sorry, but we cannot read from or write to backup file ""%1"".","عذراً، لا يمكننا القراءة أو الكتابة من و إلى ملف النسخ الاحتياطي ""%1"".",module,Magento_Backup
"The backup file handler was unspecified.","لم يتم تحديد مسار ملف النسخ الاحتياطي.",module,Magento_Backup
"Are you sure you want to continue?","هل انت متأكد انك تريد الاستمرار؟",module,Magento_Backup
"This may take a few moments.","قد يستغرق هذا بضع لحظات.",module,Magento_Backup
"Be sure your store is in maintenance mode during backup.","الرجاء وضع المتجر الخاص بك في وضع الصيانة أثناء النسخ الاحتياطي.",module,Magento_Backup
"Backup Name","اسم النسخة الاحتياطية",module,Magento_Backup
"Please use only letters (a-z or A-Z), numbers (0-9) or spaces in this field.","الرجاء استخدام الأحرف (إلى z أو A إلى Z)، الأرقام (0-9) أو مسافات فقط في هذا الحقل.",module,Magento_Backup
"Maintenance mode","وضع الصيانة",module,Magento_Backup
"Please put your store into maintenance mode during backup.","الرجاء وضع المتجر الخاص بك في وضع الصيانة أثناء النسخ الاحتياطي.",module,Magento_Backup
"Exclude media folder from backup","استبعاد المجلد وسائط من النسخ الاحتياطي",module,Magento_Backup
"Please enter the password to confirm rollback.","الرجاء إدخال كلمة المرور لتأكيد العودة إلى الحالة السابقة.",module,Magento_Backup
"This action cannot be undone.","لا يمكن التراجع عن هذا الإجراء.",module,Magento_Backup
"User Password","كلمة المرور",module,Magento_Backup
"Please put your store into maintenance mode during rollback processing.","الرجاء وضع المتجر الخاص بك في وضع الصيانة أثناء معالجة الاستعادة.",module,Magento_Backup
"Use FTP Connection","استخدام اتصال FTP",module,Magento_Backup
"FTP credentials","أوراق اعتماد بروتوكول نقل الملفات",module,Magento_Backup
"FTP Host","مضيف FTP",module,Magento_Backup
"FTP Login","تسجيل دخول FTP",module,Magento_Backup
"FTP Password","كلمة مرور بروتوكول نقل الملفات",module,Magento_Backup
"Magento root directory","الدليل الجذر لماجنتو",module,Magento_Backup
"Create Backup","انشئ نسخة احتياطية",module,Magento_Backup
Country,الدولة,module,Magento_Braintree
"Allowed Credit Card Types","أنواع بطاقات الائتمان المسموحة",module,Magento_Braintree
"Add Rule","إضافة قاعدة",module,Magento_Braintree
"Stored Card","بطاقة مخزنة",module,Magento_Braintree
"Credit Card Type","نوع بطاقة الائتمان",module,Magento_Braintree
"Credit Card Number","رقم بطاقة الائتمان",module,Magento_Braintree
"Credit card successfully added","تم إضافة بطاقة الائتمان بنجاح",module,Magento_Braintree
"Delete Credit Card","حذف بطاقة الائتمان",module,Magento_Braintree
"Credit card successfully deleted","تم حذف بطاقة الائتمان بنجاح",module,Magento_Braintree
"Edit Credit Card","تحرير بطاقة الائتمان",module,Magento_Braintree
"My Credit Cards","بطاقات الائتمان",module,Magento_Braintree
"There was error during saving card data","حدث خطأ أثناء حفظ بيانات البطاقة",module,Magento_Braintree
"Transaction declined by gateway: Check card details or try another card","العملية رفضت من المصدر: تحقق من تفاصيل البطاقة او جرب بطاقة اخرى",module,Magento_Braintree
"Credit card type is not allowed for your country.","نوع بطاقة الائتمان غير مسموح به في بلدك.",module,Magento_Braintree
"Credit card type is not allowed for this payment method.","غير مسموح بنوع بطاقة الائتمان لطريقة الدفع هذه.",module,Magento_Braintree
"Selected payment type is not allowed for billing country.","غير مسموح بنوع الدفع المحدد للفوترة في البلد.",module,Magento_Braintree
"Please try again later","من فضلك حاول مرة أخرى",module,Magento_Braintree
"This refund is for a partial amount but the Transaction has not settled.","إسترداد المبالغ هذا هو إسترجاع لمبلغ جزئي ولكن العملية التجارية لم تتم.",module,Magento_Braintree
"Please wait 24 hours before trying to issue a partial refund.","الرجاء الانتظار 24 ساعة قبل محاولة إصدار مسترجع جزئي.",module,Magento_Braintree
"Some transactions are already settled or voided and cannot be voided.","بعض المعاملات بالفعل تسويتها أو باطلة ولا يمكن أن تكون باطلة.",module,Magento_Braintree
"Invalid Customer ID provided","هوية عميل غير صالحة مقدمة",module,Magento_Braintree
"Payment Information","معلومات الدفع",module,Magento_Braintree
"Add new card","إضافة بطاقة جديد",module,Magento_Braintree
"Please Select","أختر من فضلك",module,Magento_Braintree
"Expiration Date","تاريخ الانتهاء",module,Magento_Braintree
"Card Verification Number","رقم التحقق من البطاقة",module,Magento_Braintree
"Save this card for future use","حفظ هذه البطاقة للاستخدام في المستقبل",module,Magento_Braintree
"Please confirm that you want to delete this credit card","الرجاء التأكيد من أنك تريد حذف هذه البطاقة الائتمانية",module,Magento_Braintree
"Cardholder Name","اسم حامل البطاقة",module,Magento_Braintree
Delete,احذف,module,Magento_Braintree
Back,الرجوع,module,Magento_Braintree
"* Required Fields","* حقول مطلوبة",module,Magento_Braintree
"What is this?","ما هذا؟",module,Magento_Braintree
"Make Default","جعلها الافتراضية",module,Magento_Braintree
"Billing Address","عنوان الفاتورة",module,Magento_Braintree
"First Name","الإسم الأول",module,Magento_Braintree
"Last Name","اسم العائلة",module,Magento_Braintree
Company,الشركة,module,Magento_Braintree
City,المدينة,module,Magento_Braintree
State/Province,ولاية/مقاطعة,module,Magento_Braintree
"Please select region, state or province","من فضلك اختر منطقة، ولاية أو مقاطعة",module,Magento_Braintree
Submit,ارسال,module,Magento_Braintree
"Add Credit Card","إضافة بطاقة إئتمان",module,Magento_Braintree
Type,النوع,module,Magento_Braintree
"Is Default","هي افتراضية",module,Magento_Braintree
Actions,اعمال,module,Magento_Braintree
Yes,موافق,module,Magento_Braintree
No,لا,module,Magento_Braintree
Edit,تحرير,module,Magento_Braintree
Always,دائماً,module,Magento_Captcha
"After number of attempts to login","بعد عدة محاولات لتسجيل الدخول",module,Magento_Captcha
"Incorrect CAPTCHA","كلمة التحقق غير صحيحة",module,Magento_Captcha
"Incorrect CAPTCHA.","كلمة التحقق غير صحيحة.",module,Magento_Captcha
"<strong>Attention</strong>: Captcha is case sensitive.","<strong>تنبيه</strong>: كلمة التحقق حساسة لحالة الأحرف.",module,Magento_Captcha
"Reload captcha","إعادة تحميل كلمة التحقق",module,Magento_Captcha
"Please type the letters below","الرجاء كتابة الأحرف أدناه",module,Magento_Captcha
"Custom options have different types.","خيارات مخصصة لها أنواع مختلفة.",module,Magento_CatalogImportExport
"Please correct the parameters.","الرجاء تصحيح المعلمات.",module,Magento_CatalogImportExport
"ALL GROUPS","جميع المجموعات",module,Magento_CatalogInventory
"Customer Group","مجموعات العملاء",module,Magento_CatalogInventory
"Minimum Qty","الحد الأدنى من الكمية",module,Magento_CatalogInventory
"Add Minimum Qty","اضف حد أدنى للكمية",module,Magento_CatalogInventory
"This product is out of stock.","هذا المنتج غير متوفر في المخزن.",module,Magento_CatalogInventory
"The stock item for Product in option is not valid.","عنصر التخزين لهذا المنتج في الخيار غير صحيح.",module,Magento_CatalogInventory
"Undefined product type","نوع المنتج غير معروف",module,Magento_CatalogInventory
"%1 is not a correct comparison method.","%1 ليس أسلوب مقارنة صحيحة.",module,Magento_CatalogInventory
"No Backorders","لا توجد طلبات لمنتجات غير متوفرة",module,Magento_CatalogInventory
"Allow Qty Below 0","السماح بالكمية 0",module,Magento_CatalogInventory
"Allow Qty Below 0 and Notify Customer","السماح بكمية تحت ال 0 و أعلام العميل",module,Magento_CatalogInventory
"In Stock","متوفر في المخزن",module,Magento_CatalogInventory
"Out of Stock","غير متوفر بالمخزن",module,Magento_CatalogInventory
"Not all of your products are available in the requested quantity.","ليست كل المنتجات الخاصة بك متوفرة بالكمية المطلوبة.",module,Magento_CatalogInventory
"The fewest you may purchase is %1.","أقل عدد يمكنك شراؤه هو %1.",module,Magento_CatalogInventory
"Please correct the quantity for some products.","الرجاء تصحيح الكمية لبعض المنتجات.",module,Magento_CatalogInventory
"The most you may purchase is %1.","الحد الأعلى الذي يمكنك شراؤه هو %1.",module,Magento_CatalogInventory
"Only %1 left","متوفر %1 فقط",module,Magento_CatalogInventory
"Product Name","اسم المنتج",module,Magento_CatalogInventory
Qty,الكميّة,module,Magento_CatalogInventory
"Catalog Price Rule","قاعدة الاسعار فى دليل المنتجات",module,Magento_CatalogRule
"Add New Rule","إضافة قاعدة جديدة",module,Magento_CatalogRule
"Apply Rules","طبق القواعد",module,Magento_CatalogRule
"Save and Apply","احفظ و طبق",module,Magento_CatalogRule
"Save and Continue Edit","حفظ ومواصلة التعديل",module,Magento_CatalogRule
"Edit Rule '%1'","حرر قاعدة '%1'",module,Magento_CatalogRule
"New Rule","قاعدة جديدة",module,Magento_CatalogRule
"Rule Information","بيانات القاعدة",module,Magento_CatalogRule
Actions,اعمال,module,Magento_CatalogRule
Apply,تطبيق,module,Magento_CatalogRule
"Discount Amount","تخفيض الكمية",module,Magento_CatalogRule
"Subproduct discounts","خصومات المنتجات الثانوية",module,Magento_CatalogRule
No,لا,module,Magento_CatalogRule
Yes,نعم,module,Magento_CatalogRule
"Discard subsequent rules","تجاهل القواعد التابعة",module,Magento_CatalogRule
Conditions,الحالات,module,Magento_CatalogRule
"General Information","المعلومات العامة",module,Magento_CatalogRule
"Rule Name","أسم القاعدة",module,Magento_CatalogRule
Description,الوصف,module,Magento_CatalogRule
Status,الحاله,module,Magento_CatalogRule
Active,فعال,module,Magento_CatalogRule
Inactive,خاملة,module,Magento_CatalogRule
Websites,الموقع,module,Magento_CatalogRule
"Customer Groups","مجموعات العملاء",module,Magento_CatalogRule
From,من,module,Magento_CatalogRule
To,إلى,module,Magento_CatalogRule
Priority,أولوية,module,Magento_CatalogRule
ID,التعريف,module,Magento_CatalogRule
Type,النوع,module,Magento_CatalogRule
"Attribute Set","مجموعة السمة",module,Magento_CatalogRule
Product,المنتج,module,Magento_CatalogRule
Promotions,الترقيات,module,Magento_CatalogRule
"This rule no longer exists.","هذة القاعدة لم تعد موجودة.",module,Magento_CatalogRule
"New Catalog Price Rule","قاعدة جديدة لسعر الكتالوج",module,Magento_CatalogRule
"Edit Rule","تحرير قاعدة",module,Magento_CatalogRule
Catalog,"دليل المنتجات",module,Magento_CatalogRule
"Wrong rule specified.","قاعدة محددة خاطئة.",module,Magento_CatalogRule
Promo,الترويج,module,Magento_CatalogRule
"Percentage discount should be between 0 and 100.","يجب أن تكون نسبة الخصم المئوية بين 0 و 100.",module,Magento_CatalogRule
"Discount value should be 0 or greater.","يجب أن تكون قيمة الخصم 0 أو أكبر.",module,Magento_CatalogRule
"Unknown action.","إجراء غير معروف.",module,Magento_CatalogRule
"Update the Product","تحديث المنتج",module,Magento_CatalogRule
"Rule price","السعر الاساسى",module,Magento_CatalogRule
"To Fixed Value","الى قيمة ثابته",module,Magento_CatalogRule
"To Percentage","الى نسبة مؤية",module,Magento_CatalogRule
"By Fixed value","بقيمة ثابتة",module,Magento_CatalogRule
"By Percentage","بنسبة مؤية",module,Magento_CatalogRule
"Update product's %1 %2: %3","تحديث %1 %2 المنتج: %3",module,Magento_CatalogRule
"Conditions Combination","الجمع بين الشروط",module,Magento_CatalogRule
"Product Attribute","سمة المنتج",module,Magento_CatalogRule
Home,"الصفحة الرئيسية",module,Magento_CatalogSearch
"Go to Home Page","الانتقال إلى الصفحة الرئيسية",module,Magento_CatalogSearch
"Catalog Advanced Search","بحث متقدم فى الكتالوج",module,Magento_CatalogSearch
All,الكل,module,Magento_CatalogSearch
Yes,نعم,module,Magento_CatalogSearch
No,لا,module,Magento_CatalogSearch
Results,نتائج,module,Magento_CatalogSearch
Grid,الشبكة,module,Magento_CatalogSearch
List,قائمة,module,Magento_CatalogSearch
Relevance,الصله,module,Magento_CatalogSearch
"Search results for: '%1'","نتائج البحث عن: '%1'",module,Magento_CatalogSearch
"Minimum Search query length is %1","الحد الأدنى لطول استعلام البحث هو %1",module,Magento_CatalogSearch
"Please specify at least one search term.","الرجاء تحديد مصطلح بحث واحد على الأقل.",module,Magento_CatalogSearch
"%1 and greater","%1 وأكبر",module,Magento_CatalogSearch
"up to %1","حتى %1",module,Magento_CatalogSearch
"Search Settings","اعدادات البحث",module,Magento_CatalogSearch
Search,بحث,module,Magento_CatalogSearch
"Advanced Search","بحث متقدم",module,Magento_CatalogSearch
"<strong>%1 item</strong> were found using the following search criteria","تم العثور على <strong>العنصر%1</strong> باستخدام معايير البحث التالية",module,Magento_CatalogSearch
"<strong>%1 items</strong> were found using the following search criteria","تم العثور على <strong>العناصر%1</strong> باستخدام معايير البحث التالية",module,Magento_CatalogSearch
"Modify your search","تعديل البحث",module,Magento_CatalogSearch
name,اسم,module,Magento_CatalogSearch
"Don't see what you're looking for?","لا أرى ما كنت تبحث عن؟",module,Magento_CatalogSearch
Name,اسم,module,Magento_Catalog
"Add Price","إضافة الأسعار",module,Magento_Catalog
"Does this have a weight?","هل هذا له وزن؟",module,Magento_Catalog
"The file is empty. Please choose another one","الملف فارغ. الرجاء اختيار اسم آخر",module,Magento_Catalog
"Out-of-Stock Threshold","حدود انتهاء المخزون",module,Magento_Catalog
"Terms and Conditions","الشروط والأحكام",module,Magento_CheckoutAgreements
"Add New Condition","إضافة شرط جديد",module,Magento_CheckoutAgreements
"Save Condition","حفظ الشرط",module,Magento_CheckoutAgreements
"Delete Condition","حذف حالة",module,Magento_CheckoutAgreements
"Edit Terms and Conditions","تحرير شروط الإستخدام",module,Magento_CheckoutAgreements
"New Terms and Conditions","البنود والشروط الجديدة",module,Magento_CheckoutAgreements
"Terms and Conditions Information","الشروط والأحكام معلومات",module,Magento_CheckoutAgreements
"Condition Name","اسم الشرط",module,Magento_CheckoutAgreements
Status,الحاله,module,Magento_CheckoutAgreements
Enabled,تفعيل,module,Magento_CheckoutAgreements
Disabled,"غير مفعل",module,Magento_CheckoutAgreements
"Show Content as","إظهار المحتوى كـ",module,Magento_CheckoutAgreements
Text,نص,module,Magento_CheckoutAgreements
HTML,"لغة النص التشعبي",module,Magento_CheckoutAgreements
"Store View","عرض المتجر",module,Magento_CheckoutAgreements
"Checkbox Text","نص مربع خانة الاختيار",module,Magento_CheckoutAgreements
Content,المحتوى,module,Magento_CheckoutAgreements
"Content Height (css)","ارتفاع محتوى (css)",module,Magento_CheckoutAgreements
"Content Height","ارتفاع المحتوى",module,Magento_CheckoutAgreements
ID,التعريف,module,Magento_CheckoutAgreements
Condition,الشرط,module,Magento_CheckoutAgreements
Sales,المبيعات,module,Magento_CheckoutAgreements
"Checkout Conditions","شروط الشراء",module,Magento_CheckoutAgreements
"Checkout Terms and Conditions","أحكام وقواعد الشراء",module,Magento_CheckoutAgreements
"This condition no longer exists.","هذا الشرط لم يعد موجودا.",module,Magento_CheckoutAgreements
"Something went wrong  while deleting this condition.","حدث خطأ أثناء حذف هذا الشرط.",module,Magento_CheckoutAgreements
"Edit Condition","تحرير الشرط",module,Magento_CheckoutAgreements
"New Condition","حالة جديدة",module,Magento_CheckoutAgreements
"Something went wrong while saving this condition.","حدث خطأ أثناء حفظ هذا الشرط.",module,Magento_CheckoutAgreements
"Save Currency Rates","حفظ أسعار العملات",module,Magento_CurrencySymbol
Reset,"اعادة ضبط",module,Magento_CurrencySymbol
Import,استيراد,module,Magento_CurrencySymbol
"Manage Currency Rates","إدارة أسعار العملات",module,Magento_CurrencySymbol
"Import Service","خدمة الاستيراد",module,Magento_CurrencySymbol
"Save Currency Symbols","حفظ رموز العملات",module,Magento_CurrencySymbol
"Currency Symbols","رمز العملة",module,Magento_CurrencySymbol
"Use Standard","استخدام معيار",module,Magento_CurrencySymbol
"Please specify a correct Import Service.","الرجاء تحديد ""خدمة الاستيراد"" الصحيحة.",module,Magento_CurrencySymbol
"Currency Rates","أسعار العملات",module,Magento_CurrencySymbol
"Please correct the input data for %1 => %2 rate","الرجاء تصحيح البيانات المدخلة ل %1 => معدل %2",module,Magento_CurrencySymbol
"All valid rates have been saved.","تم حفظ كل الأسعار الصحيحة.",module,Magento_CurrencySymbol
System,النظام,module,Magento_CurrencySymbol
"Old rate:","معدل العمر:",module,Magento_CurrencySymbol
"Customer address id column is not specified","لم يتم تحديد عمود معرف عنوان العميل",module,Magento_CustomerImportExport
"Attribute Properties","خصائص السمة",module,Magento_Eav
"Default label","الملصق الافتراضي",module,Magento_Eav
"Attribute Code","رمز السمة",module,Magento_Eav
"Catalog Input Type for Store Owner","نوع الإدخال لصاحب المتجر",module,Magento_Eav
"Values Required","القيم مطلوبة",module,Magento_Eav
"Default Value","القيمة الاعتيادية",module,Magento_Eav
"Unique Value","قيمة نادرة",module,Magento_Eav
"Unique Value (not shared with other products)","قيمة فريدة (لم يتم تقاسمها مع منتجات اخرى)",module,Magento_Eav
"Not shared with other products","غير مشارك مع المنتجات الأخرى",module,Magento_Eav
"Input Validation for Store Owner","اثبات المدخلات لصاحب المتجر",module,Magento_Eav
Required,مطلوب,module,Magento_Eav
Yes,نعم,module,Magento_Eav
No,لا,module,Magento_Eav
System,النظام,module,Magento_Eav
None,"لا شئ",module,Magento_Eav
"Decimal Number","رقم عشري",module,Magento_Eav
"Integer Number","رقم صحيح",module,Magento_Eav
Email,"البريد الإلكتروني",module,Magento_Eav
URL,الرابط,module,Magento_Eav
Letters,رسائل,module,Magento_Eav
"Letters (a-z, A-Z) or Numbers (0-9)","حروف (أ-ي، من الألف إلى الياء) أو أرقام (0-9)",module,Magento_Eav
"Text Field","حقل النص",module,Magento_Eav
"Text Area","منطقة النص",module,Magento_Eav
Date,التاريخ,module,Magento_Eav
Yes/No,نعم/لا,module,Magento_Eav
"Multiple Select","خيارات متعددة",module,Magento_Eav
Dropdown,انزال,module,Magento_Eav
"""%1"" is not a valid email address.","'%1' ليس عنوان بريد إلكتروني صحيحا.",module,Magento_Eav
"""%1"" is not a valid URL.","""%1"" ليس رابطًا صحيحاً.",module,Magento_Eav
"""%1"" is not a valid date.","""%1"" ليس تاريخ صحيح.",module,Magento_Eav
"""%1"" is not a valid file.","""%1"" ليس ملف صالح.",module,Magento_Eav
"""%1"" exceeds the allowed file size.","""%1"" اكبر من حجم الملف المسموح به.",module,Magento_Eav
"Entity is not initialized","الكيان لم تتم تهيئة",module,Magento_Eav
"Unknown parameter","معامل غير معروف",module,Magento_Eav
"Invalid entity supplied","غير صالح الكيان الموردة",module,Magento_Eav
"The value of attribute ""%1"" must be set","يجب أن يتم تعيين قيمة السمة ""%1""",module,Magento_Eav
label,التسمية,module,Magento_Eav
"Attempt to add an invalid object","محاولة لاضافة هدف غير صحيح",module,Magento_Eav
"Invalid foreign key","مفتاح خارجي غير صحيح",module,Magento_Eav
"Invalid entity type","نوع كائن غير صحيح",module,Magento_Eav
"Invalid attribute type","نوع السمة غير صحيحة",module,Magento_Eav
"Data integrity: No header row found for attribute","سلامة البيانات : لا يوجد صف الراسيه وجدت لالسمة",module,Magento_Eav
"Attribute with the same code","السمة مع نفس الرمز",module,Magento_Eav
"Default option value is not defined","لم يتم تعريف قيمة الخيار الافتراضي",module,Magento_Eav
"Form Element with the same attribute","عنصر نموذج مع نفس السمة",module,Magento_Eav
"Form Fieldset with the same code","مجموعة حقول النموذج بنفس الكود",module,Magento_Eav
"Form Type with the same code","نوع النموذج مع نفس الكود",module,Magento_Eav
"Wrong entity ID","معرف خاطئ",module,Magento_Eav
"Wrong attribute set ID","تعيين سمة معرف خاطئة",module,Magento_Eav
"Wrong attribute group ID","تعيين مجموعة معرف خاطئة",module,Magento_Eav
"Use HTTPS to Get Feed","استخدام HTTPS للحصول على تغذية",module,Magento_AdminNotification
"Update Frequency","تردد التحديث",module,Magento_AdminNotification
"Last Update","آخر تحديث",module,Magento_AdminNotification
Severity,خطورة,module,Magento_AdminNotification
"Date Added","اضافة تاريخ",module,Magento_AdminNotification
Message,رسالة,module,Magento_AdminNotification
Actions,اعمال,module,Magento_AdminNotification
"Authorize.net Direct Post","نشر مباشر Authorize.net",module,Magento_Authorizenet
Enabled,تفعيل,module,Magento_Authorizenet
"Payment Action","إجراءات الدفع",module,Magento_Authorizenet
Title,العنوان,module,Magento_Authorizenet
"API Login ID","API اسم المستخدم",module,Magento_Authorizenet
"Transaction Key","مفتاح عملية الدفع",module,Magento_Authorizenet
"Merchant MD5","تاجر MD5",module,Magento_Authorizenet
"New Order Status","حالة طلب جديدة",module,Magento_Authorizenet
"Test Mode","وضع الاختبار",module,Magento_Authorizenet
"Gateway URL","رابط البوابة",module,Magento_Authorizenet
"Accepted Currency","العملات المقبولة",module,Magento_Authorizenet
Debug,تنقيح,module,Magento_Authorizenet
"Email Customer","البريد الإلكتروني للعميل",module,Magento_Authorizenet
"Merchant's Email","البريد الإلكتروني للتاجر",module,Magento_Authorizenet
"Credit Card Types","أنواع بطاقة الائتمان",module,Magento_Authorizenet
"Credit Card Verification","التحقق من البطاقة الائتمانية",module,Magento_Authorizenet
"Payment from Applicable Countries","الدفع من البلدان المطبقة",module,Magento_Authorizenet
"Payment from Specific Countries","الدفع من بلدان معينة",module,Magento_Authorizenet
"Minimum Order Total","إجمالي الحد الأدنى للطلب",module,Magento_Authorizenet
"Maximum Order Total","إجمالي الحد الأعلى للطلب",module,Magento_Authorizenet
"Sort Order","ترتيب الطلبات",module,Magento_Authorizenet
Services,خدمات,module,Magento_Backend
Advanced,متقدم,module,Magento_Backend
"Disable Modules Output","تعطيل وحدات الإخراج",module,Magento_Backend
"Store Email Addresses","عناوين البريد الإلكتروني للمتجر",module,Magento_Backend
"Custom Email 1","البريد الإلكتروني المخصص 1",module,Magento_Backend
"Sender Email","البريد الإلكتروني للمرسل",module,Magento_Backend
"Sender Name","اسم المرسل",module,Magento_Backend
"Custom Email 2","البريد الإلكتروني المخصص 1",module,Magento_Backend
"General Contact","وسيلة الاتصال العامة",module,Magento_Backend
"Sales Representative","مندوب مبيعات",module,Magento_Backend
"Customer Support","دعم العملاء",module,Magento_Backend
Design,تصميم,module,Magento_Backend
"Design Theme","انشاء تصميم",module,Magento_Backend
"User-Agent Exceptions","إستثناءات وكيل المستخدم",module,Magento_Backend
"Find a string in client user-agent header and switch to specific design theme for that browser.","اعثر على سلسلة في رأس وكيل- المستخدم العميل وقم بالتبديل إلى تصمي ثيمم المحددة الخاصة بهذا المستعرض.",module,Magento_Backend
Pagination,"ترقيم الصفحات",module,Magento_Backend
"Pagination Frame","إطار الصفحات ترقيم الصفحات",module,Magento_Backend
"How many links to display at once.","كم عدد الروابط التي يتم عرضها في وقت واحد.",module,Magento_Backend
"Pagination Frame Skip","تخطي ترقيم الصفحات",module,Magento_Backend
"If the current frame position does not cover utmost pages, will render link to current position plus/minus this value.","إذا كان موضع الإطار الحالي لا يغطي صفحات قصوى، ستؤدي إلى الارتباط إلى الموضع الحالي علامة زائد/ناقص من هذه القيمة.",module,Magento_Backend
"Anchor Text for Previous","رابط النص للسابق",module,Magento_Backend
"Alternative text for previous link in pagination menu. If empty, default arrow image will used.","نص بديل للرابط السابق في القائمة الحدود الفاصلة للصفحات. إذا كان فارغاً، سوف يستخدم صورة سهم الافتراضي.",module,Magento_Backend
"Anchor Text for Next","رابط النص للتالي",module,Magento_Backend
"Alternative text for next link in pagination menu. If empty, default arrow image will used.","نص بديل للرابط التالي في القائمة الحدود الفاصلة للصفحات. إذا كان فارغاً، سوف يستخدم صورة سهم الافتراضي.",module,Magento_Backend
Developer,مطور,module,Magento_Backend
Debug,نقح,module,Magento_Backend
"Enabled Template Path Hints for Storefront","تمكين تلميحات مسار القالب للواجهة",module,Magento_Backend
"Enabled Template Path Hints for Admin","تمكين مسار تلميحات القالب للمشرف",module,Magento_Backend
"Add Block Names to Hints","إضافة أسماء القوائم إلى التلميحات",module,Magento_Backend
"Template Settings","إعدادات القالب",module,Magento_Backend
"Allow Symlinks","السماح بالروابط الرمزية",module,Magento_Backend
"Warning! Enabling this feature is not recommended on production environments because it represents a potential security risk.","تحذير! تمكين هذه الميزة غير مستحسن في بيئات الإنتاج لأنه يمثل مخاطرة أمنية محتملة.",module,Magento_Backend
"Minify Html","صغر Html",module,Magento_Backend
"Translate Inline","الترجمة المضمنة",module,Magento_Backend
"Enabled for Storefront","تمكين للواجهة",module,Magento_Backend
"Enabled for Admin","مفعل للمشرف",module,Magento_Backend
"Translate, blocks and other output caches should be disabled for both Storefront and Admin inline translations.","ترجمة القوائم و المخرجات الأخرى يجب أن تكون معطلة لترجمات المشرف المضمنة و الواجهة.",module,Magento_Backend
"JavaScript Settings","إعدادات جافا سكريبت",module,Magento_Backend
"Merge JavaScript Files","دمج ملفات JavaScript",module,Magento_Backend
"Enable Javascript Bundling","تمكين جافا سكريبت تجميع",module,Magento_Backend
"Minify JavaScript Files","صغر ملفات JavaScript",module,Magento_Backend
"CSS Settings","إعدادات CSS",module,Magento_Backend
"Merge CSS Files","دمج ملفات CSS",module,Magento_Backend
"Minify CSS Files","صغر ملفات CSS",module,Magento_Backend
"Image Processing Settings","إعدادات معالجة الصور",module,Magento_Backend
"Image Adapter","محول الصورة",module,Magento_Backend
"Static Files Settings","إعدادات الملفات الثابتة",module,Magento_Backend
"Sign Static Files","توقيع الملفات الثابتة",module,Magento_Backend
"Country Options","خيارات البلد",module,Magento_Backend
"Allow Countries","السماح للبلدان",module,Magento_Backend
"Default Country","البلد الافتراضي",module,Magento_Backend
"European Union Countries","بلدان الاتحاد الأوروبي",module,Magento_Backend
"Top destinations","أفضل الوجهات",module,Magento_Backend
"Locale Options","خيارات اللغة",module,Magento_Backend
Timezone,"منطقة التوقيت",module,Magento_Backend
Locale,محلي,module,Magento_Backend
"First Day of Week","أول يوم في الأسبوع",module,Magento_Backend
"Weekend Days","أيام نهاية الأسبوع",module,Magento_Backend
"Store Name","اسم المتجر",module,Magento_Backend
"Store Phone Number","تخزين رقم الهاتف",module,Magento_Backend
"Store Hours of Operation","ساعات التشغيل للموقع",module,Magento_Backend
Country,الدولة,module,Magento_Backend
Region/State,"المنطقة / الولايه",module,Magento_Backend
"ZIP/Postal Code","الرمز البريدي",module,Magento_Backend
City,المدينة,module,Magento_Backend
"Street Address","عنوان الشارع",module,Magento_Backend
"Street Address Line 2","عنوان الشارع 2",module,Magento_Backend
"VAT Number","رقم ضريبة القيمة المضافة",module,Magento_Backend
"Single-Store Mode","وضع متجر واحد",module,Magento_Backend
"Enable Single-Store Mode","تمكين وضع متجر واحد",module,Magento_Backend
"This setting will not be taken into account if system has more than one store view.","هذا الإعداد لن يؤخذ في الاعتبار إذا كان النظام لديه اكثر من متجر واحد.",module,Magento_Backend
"Mail Sending Settings","إعدادات إرسال البريد",module,Magento_Backend
"Disable Email Communications","تعطيل البريد الإلكتروني والاتصالات",module,Magento_Backend
Host,المضيف,module,Magento_Backend
"Port (25)","منفذ (25)",module,Magento_Backend
"Set Return-Path","تعيين مسار العودة",module,Magento_Backend
"Return-Path Email","مسار العودة-البريد الإلكتروني",module,Magento_Backend
Admin,المدير,module,Magento_Backend
"Admin User Emails","البريد الإلكتروني للمدير",module,Magento_Backend
"Forgot Password Email Template","نسيت كلمة السر البريد الالكتروني قالب",module,Magento_Backend
"Email template chosen based on theme fallback when ""Default"" option is selected.","اختيار قالب البريد الإلكتروني استناداً إلى موضوع الرجوع عند تحديد الخيار ""الإفتراضي"".",module,Magento_Backend
"Forgot and Reset Email Sender","البريد الإلكنروني لـ نسيت كلمة السر",module,Magento_Backend
"Recovery Link Expiration Period (days)","فترة انتهاء صلاحية رابط الاسترداد (الأيام)",module,Magento_Backend
"Please enter a number 1 or greater in this field.","الرجاء إدخال رقم 1 أو أكبر في هذا الحقل.",module,Magento_Backend
"Startup Page","صفحة بدء التشغيل",module,Magento_Backend
"Admin Base URL","عنوان صفحة المدير",module,Magento_Backend
"Use Custom Admin URL","استخدام URL مخصص للمدير",module,Magento_Backend
"Custom Admin URL","عنوان URL مخصص للمدير",module,Magento_Backend
"Make sure that base URL ends with '/' (slash), e.g. http://yourdomain/magento/","تأكد من أن عنوان URL الأساسي ينتهي ب '/' ، مثل http://yourdomain/magento/",module,Magento_Backend
"Use Custom Admin Path","استخدام المسار المعدل للمدير",module,Magento_Backend
"Custom Admin Path","مسار المسؤول معدل",module,Magento_Backend
Security,الحماية,module,Magento_Backend
"Add Secret Key to URLs","أضف مفتاح سري للروابط",module,Magento_Backend
"Login is Case Sensitive","تسجيل الدخول يحتسب حالة الأحرف",module,Magento_Backend
"Admin Session Lifetime (seconds)","مدة جلسة المدير (بالثواني)",module,Magento_Backend
"Values less than 60 are ignored.","تجاهل القيم الاقل من 60.",module,Magento_Backend
"Enable Charts","تمكين المخططات",module,Magento_Backend
Web,موقع,module,Magento_Backend
"Url Options","خيارات الموقع",module,Magento_Backend
"Add Store Code to Urls","رمز المخزن اضافة الى عناوين المواقع",module,Magento_Backend
"Auto-redirect to Base URL","إعادة التوجيه آلية إلى الربط الأساس",module,Magento_Backend
"Search Engine Optimization","تحسين محرك البحث",module,Magento_Backend
"Use Web Server Rewrites","إعادة كتابة باستخدام خادم الويب",module,Magento_Backend
"Base URLs","الرابط الأساس",module,Magento_Backend
"Base URL","قاعدة الموقع",module,Magento_Backend
"Specify URL or {{base_url}} placeholder.","تحديد رابط أو {{base_url}}.",module,Magento_Backend
"Base Link URL","قاعدة وصلة الموقع",module,Magento_Backend
"Base URL for Static View Files","رابط أساس أو ملف عرض ثابت",module,Magento_Backend
"May be empty or start with {{unsecure_base_url}} placeholder.","قد يكون فارغ أو يبدأ بـ{{unsecure_base_url}}.",module,Magento_Backend
"Base URL for User Media Files","الرابط الأساس لمفات الوسائط",module,Magento_Backend
"Base URLs (Secure)","الرابط الأساس (مؤمن)",module,Magento_Backend
"Secure Base URL","موقع قاعدة مامونه",module,Magento_Backend
"Specify URL or {{base_url}}, or {{unsecure_base_url}} placeholder.","حدد رابط أو {{base_url}}، أو {{unsecure_base_url}}.",module,Magento_Backend
"Secure Base Link URL","رابط المتجر الأساسي الأمن",module,Magento_Backend
"Secure Base URL for Static View Files","رابط المتجر الأساسي الآمن لملفات العرض الثابت",module,Magento_Backend
"May be empty or start with {{secure_base_url}}, or {{unsecure_base_url}} placeholder.","قد تكون فارغة أو تبدأ بـ {{secure_base_url}} ، أو {{unsecure_base_url}}.",module,Magento_Backend
"Secure Base URL for User Media Files","حماية الرابط الاساسي لملفات الواسائط للمستخدم",module,Magento_Backend
"Use Secure URLs on Storefront","استخدم روابط آمنة في واجهة الموقع",module,Magento_Backend
"Use Secure URLs in Admin","استخدام عناوين في ادارة امن",module,Magento_Backend
"Offloader header","أيقاف تحميل الترويسة",module,Magento_Backend
"Default Pages","الصفحات الافتراضية",module,Magento_Backend
"Default Web URL","رابط الويب الإفتراضي",module,Magento_Backend
"Default No-route URL","عنوان URL الافتراضي دون توجيه",module,Magento_Backend
"Session Validation Settings","إعدادات صلاحية الجلسة",module,Magento_Backend
"Validate REMOTE_ADDR","التحقق من صحة REMOTE_ADDR",module,Magento_Backend
"Validate HTTP_VIA","التحقق من صحة HTTP_VIA",module,Magento_Backend
"Validate HTTP_X_FORWARDED_FOR","التحقق من صحة HTTP_X_FORWARDED_FOR",module,Magento_Backend
"Validate HTTP_USER_AGENT","التحقق من صحة HTTP_USER_AGENT",module,Magento_Backend
"Use SID on Storefront","استخدام SID في واجهة المتجر",module,Magento_Backend
"Allows customers to stay logged in when switching between different stores.","يسمح للعملاء بالبقاء في وضع تسجيل الدخول عند التبديل بين المتاجر المختلفة.",module,Magento_Backend
"Cache Type","نوع التخزين المؤقت",module,Magento_Backend
Description,الوصف,module,Magento_Backend
Tags,علامات,module,Magento_Backend
"<h1 class=""page-heading"">404 Error</h1><p>Page not found.</p>","<h1 class=""page-heading""> خطأ 404</h1> <p>لم يتم العثور على الصفحة.</p>",module,Magento_Backend
"Community Edition","النسخة العامة",module,Magento_Backend
"Scheduled Backup Settings","إعدادات النسخ الاحتياطي المجدولة",module,Magento_Backup
"Enable Scheduled Backup","تمكين النسخ الاحتياطي المجدول",module,Magento_Backup
"Backup Type","نوع النسخ الاحتياطي",module,Magento_Backup
"Start Time","زمن البداية",module,Magento_Backup
Frequency,التردد,module,Magento_Backup
"Maintenance Mode","وضع الصيانة",module,Magento_Backup
Delete,احذف,module,Magento_Backup
"Are you sure you want to delete the selected backup(s)?","هل أنت متأكد من أنك تريد حذف النسخة أو النسخ الاحتياطية المحددة؟",module,Magento_Backup
Time,الزمن,module,Magento_Backup
Name,اسم,module,Magento_Backup
Size(bytes),الحجم(بايت),module,Magento_Backup
Type,النوع,module,Magento_Backup
Download,تحميل,module,Magento_Backup
Action,إجراء,module,Magento_Backup
Rollback,"العودة إلى الحالة السابقة",module,Magento_Backup
"Enable this Solution","تمكين هذا الحل",module,Magento_Braintree
"Enable PayPal through Braintree","تمكين باي بال عن طريق Braintree",module,Magento_Braintree
Title,العنوان,module,Magento_Braintree
Environment,البيئة,module,Magento_Braintree
"Merchant Account ID","معرف حساب التاجر",module,Magento_Braintree
"Merchant ID","رمز تعريف التاجر",module,Magento_Braintree
"Public Key","المفتاح العمومي",module,Magento_Braintree
"Private Key","المفتاح الخاص",module,Magento_Braintree
Debug,نقح,module,Magento_Braintree
"Capture action","امسك الحدث",module,Magento_Braintree
"Use Vault","استخدم الحافظة",module,Magento_Braintree
"Allow Duplicate Cards","اسمع لبطاقات مكررة",module,Magento_Braintree
"CVV Verification","التحقق CVV",module,Magento_Braintree
"Credit Card Types","أنواع بطاقة الائتمان",module,Magento_Braintree
"Advanced Fraud Protection","الحماية المتقدمة من الاحتيال",module,Magento_Braintree
"Your Kount ID","معرف الحساب الخاص بك",module,Magento_Braintree
"Use Cache","استخدام ذاكرة التخزين المؤقت",module,Magento_Braintree
"Payment from Applicable Countries","الدفع من البلدان المطابقة",module,Magento_Braintree
"Payment from Specific Countries","الدفع من بلدان معينة",module,Magento_Braintree
"Country Specific Credit Card Types","أنواع بطاقات الائتمان المحددة للبلد",module,Magento_Braintree
"3D Secure Verification Settings","إعدادات التحقق آمنة 3D",module,Magento_Braintree
"3D Secure Verification","التحقق الآمن بستخدام 3D",module,Magento_Braintree
CAPTCHA,"كلمة التحقق",module,Magento_Captcha
"Enable CAPTCHA in Admin","تمكين كلمة التحقق للمشرف",module,Magento_Captcha
Font,الخط,module,Magento_Captcha
Forms,النماذج,module,Magento_Captcha
"Displaying Mode","وضع العرض",module,Magento_Captcha
"Number of Unsuccessful Attempts to Login","عدد المحاولات الغير ناجحة لتسجيل الدخول",module,Magento_Captcha
"If 0 is specified, CAPTCHA on the Login form will be always available.","إذا تم تحديد ""0""، كلمة التحقق في نموذج تسجيل الدخول سوف تكون متاحة دائماً.",module,Magento_Captcha
"CAPTCHA Timeout (minutes)","مهلة كلمة التحقق (بالدقائق)",module,Magento_Captcha
"Number of Symbols","عدد الرموز",module,Magento_Captcha
"Please specify 8 symbols at the most. Range allowed (e.g. 3-5)","الرجاء تحديد 8رموز على الأكثر. النطاق المسموح به (مثلاً 3-5)",module,Magento_Captcha
"Symbols Used in CAPTCHA","الرموز المستخدمة في كلمة التحقق",module,Magento_Captcha
"Case Sensitive","تحسس حالة الأحرف",module,Magento_Captcha
"Enable CAPTCHA on Storefront","تمكين كلمة التحقق في الواجهة",module,Magento_Captcha
"CAPTCHA for ""Create user"" and ""Forgot password"" forms is always enabled if chosen.","يتم دوماً تمكين كلمة التحقق لأشكال ""نسيت كلمة المرور"" و ""إنشاء مستخدم"" إذا تم الإختيار.",module,Magento_Captcha
Inventory,المخزون,module,Magento_CatalogInventory
"Stock Options","خيارات المخزون",module,Magento_CatalogInventory
"Decrease Stock When Order is Placed","ازل من المخزون عند استلام الطلب الجديد",module,Magento_CatalogInventory
"Set Items' Status to be In Stock When Order is Cancelled","ضع العناصر في حالة مخزون عندما يتم إلغاء الطلب",module,Magento_CatalogInventory
"Display Out of Stock Products","عرض المنتجات الغير متوفرة بالمخزن",module,Magento_CatalogInventory
"Products will still be shown by direct product URLs.","سوف يستمر عرض المنتجات بالرابط المباشر URL للمنتج.",module,Magento_CatalogInventory
"Only X left Threshold","المتبقي فقط هو الحد",module,Magento_CatalogInventory
"Display products availability in stock on Storefront.","عرض إتاحة المنتجات في مخزن المتجر على واجهة المتجر.",module,Magento_CatalogInventory
"Product Stock Options","خيارات المنتج المخزون",module,Magento_CatalogInventory
"Manage Stock","إدارة المخزون",module,Magento_CatalogInventory
Backorders,"طلبات لمنتجات غير متوفرة",module,Magento_CatalogInventory
"Maximum Qty Allowed in Shopping Cart","الكمية القصوى المسموح بها في سلة التسوق",module,Magento_CatalogInventory
"Minimum Qty Allowed in Shopping Cart","الكمية الدنيا المسموح بها في سلة التسوق",module,Magento_CatalogInventory
"Notify for Quantity Below","اخطار لكمية ادناه",module,Magento_CatalogInventory
"Automatically Return Credit Memo Item to Stock","إعادة مذكرة بطاقة الائتمان تلقائياً المخزن",module,Magento_CatalogInventory
"Enable Qty Increments","تمكين زيادة الكميات",module,Magento_CatalogInventory
"Qty Increments","زيادة الكميات",module,Magento_CatalogInventory
Rule,قاعدة,module,Magento_CatalogRule
"Web Site",موقع,module,Magento_CatalogRule
"Popular Search Terms","كلمات البحث الشائعة",module,Magento_CatalogSearch
"Catalog Search","دليل المنتجات و البحث",module,Magento_CatalogSearch
"Minimal Query Length","طول الحد الأدنى للاستعلام",module,Magento_CatalogSearch
"Maximum Query Length","طول الحد الأقصى للاستعلام",module,Magento_CatalogSearch
"Rebuild Catalog product fulltext search index","إعادة إنشاء فهرس البحث عن النص الكامل لدليل المنتج",module,Magento_CatalogSearch
Storefront,"واجهة المتجر",module,Magento_Catalog
"Catalog Price Scope","نطاق اسعار دليل المنتجات",module,Magento_Catalog
"This defines the base currency scope (""Currency Setup"" > ""Currency Options"" > ""Base Currency"").","هذا يحدد نطاق العملة الأساسية (إعداد ""العملة"" > ""خيارات العملة"" > ""العملة الأساسية"").",module,Magento_Catalog
"Category Top Navigation","أعلى إنتقال للفئة",module,Magento_Catalog
"Date & Time Custom Options","خيارات مخصصة للتاريخ & الوقت",module,Magento_Catalog
"Use JavaScript Calendar","استخدام تقويم جافا سكريبت",module,Magento_Catalog
"Date Fields Order","ترتيب حقول التاريخ",module,Magento_Catalog
"Time Format","تنسيق الوقت",module,Magento_Catalog
"Year Range","نطاق السنة",module,Magento_Catalog
"Please use a four-digit year format.","يرجى استخدام تنسيق أربعة أرقام للسنة.",module,Magento_Catalog
"Product Image Watermarks","صورة المنتج ماءيه",module,Magento_Catalog
"Watermark Default Size","الحجم الافتراضي للعلامة المائية",module,Magento_Catalog
"Watermark Opacity, Percent","العلامة المائية غير شفافة, بنسبة",module,Magento_Catalog
Watermark,"علامة مائية",module,Magento_Catalog
"Watermark Position","مكان العلامة المائية",module,Magento_Catalog
"Use Static URLs for Media Content in WYSIWYG for Catalog","استخدام عناوين ثابتة لمحتوى الوسائط في WYSIWYG للكتالوج",module,Magento_Catalog
"This applies only to catalog products and categories. Media content will be inserted into the editor as a static URL. Media content is not updated if the system configuration base URL changes.","وهذا ينطبق فقط على كتالوج المنتجات والفئات. سيتم إدراج المحتوى الإعلامي المحرر كعنوان ثابت. لا يتم تحديث محتوى الوسائط في حالة تغير عناوين URL للنظام الأساسي.",module,Magento_Catalog
"Product Flat Data","البيانات المسطحة للمنتجات",module,Magento_Catalog
"Reorganize EAV product structure to flat structure","إعادة تنظيم هيكل المنتجات EAV إلى بنية مسطحة",module,Magento_Catalog
"Category Flat Data","بيانات مسطحة للفئات",module,Magento_Catalog
"Reorganize EAV category structure to flat structure","إعادة تنظيم هيكل الفئات EAV لفئة هيكل مسطح",module,Magento_Catalog
"Indexed category/products association","رابطة فهرسة الفئة/المنتجات",module,Magento_Catalog
"Product Categories","فئات المنتج",module,Magento_Catalog
"Indexed product/categories association","رابطة فهرسة المنتج/الفئات",module,Magento_Catalog
"Product Price","سعر المنتج",module,Magento_Catalog
"Index product prices","مؤشر أسعار المنتج",module,Magento_Catalog
"Catalog New Products List","قائمة المنتجات الجديدة في كتالوج",module,Magento_Catalog
"List of Products that are set as New","قائمة بالمنتجات التي تم تعيينها كالجديدة",module,Magento_Catalog
"Display Type","نوع العرض",module,Magento_Catalog
"All products - recently added products, New products - products marked as new","جميع المنتجات-منتجات أضيفت مؤخرا ، والمنتجات الجديدة-المنتجات التي تم وضع علامة جديدة",module,Magento_Catalog
"All products","جميع المنتجات",module,Magento_Catalog
"New products","المنتجات الجديدة",module,Magento_Catalog
"Display Page Control","عرض عنصر التحكم في الصفحة",module,Magento_Catalog
"Number of Products per Page","عدد المنتجات في الصفحة",module,Magento_Catalog
"Number of Products to Display","عدد المنتجات للعرض",module,Magento_Catalog
"New Products Grid Template","المنتجات الجديدة قالب الشبكة",module,Magento_Catalog
"New Products List Template","المنتجات الجديدة قالب القائمة",module,Magento_Catalog
"New Products Images and Names Template","قالب أسماء وصور منتجات جديدة",module,Magento_Catalog
"New Products Names Only Template","قالب أسماء المنتجات الجديدة فقط",module,Magento_Catalog
"New Products Images Only Template","قالب لصور المنتجات الجديدة فقط",module,Magento_Catalog
"Cache Lifetime (Seconds)","عمر ذاكرة التخزين المؤقت (بالثواني)",module,Magento_Catalog
"86400 by default, if not set. To refresh instantly, clear the Blocks HTML Output cache.","86400 إفتراضيا إذا لم يتم الضبط. للتحديث الفوري، قم بمسح كتل HTML من خرج ذاكرة التخزين المؤقت.",module,Magento_Catalog
"Catalog Product Link","رابط كتالوج المنتج",module,Magento_Catalog
"Link to a Specified Product","إرتباط بمنتج محدد",module,Magento_Catalog
"Product Link Block Template","كتلة قالب رابط المنتج",module,Magento_Catalog
"Product Link Inline Template","قالب منسق لرابط المنتج",module,Magento_Catalog
"Catalog Category Link","رابط كتالوج الفئة",module,Magento_Catalog
"Link to a Specified Category","ارتبط إلى فئة محددة",module,Magento_Catalog
"Category Link Block Template","فئة الرابط كتلة القالب",module,Magento_Catalog
"Category Link Inline Template","رابط قالب الفئة مضمن",module,Magento_Catalog
Set,ضبط,module,Magento_Catalog
none,"لا شيء",module,Magento_Catalog
Overview,"نظره عامة",module,Magento_Catalog
"Enable Terms and Conditions","تمكين الشروط والأحكام",module,Magento_CheckoutAgreements
"Entity types declaration cache.","أنواع المدخلات لذاكرة إعلان التخزين المؤقت.",module,Magento_Eav
